{
  "dataset": "ISCXVPN2016",
  "num_classes": 7,
  "test_accuracy": 0.5012048192771085,
  "test_f1": 0.4927562236058277,
  "confusion_matrix": [
    [
      128,
      11,
      5,
      38,
      16,
      4,
      53
    ],
    [
      6,
      322,
      4,
      23,
      6,
      3,
      236
    ],
    [
      0,
      21,
      10,
      19,
      4,
      7,
      29
    ],
    [
      10,
      24,
      12,
      166,
      46,
      7,
      27
    ],
    [
      6,
      22,
      1,
      39,
      35,
      6,
      29
    ],
    [
      10,
      6,
      7,
      39,
      12,
      13,
      13
    ],
    [
      12,
      178,
      3,
      27,
      12,
      2,
      366
    ]
  ],
  "class_names": [
    "browsing",
    "chat",
    "email",
    "ftp",
    "p2p",
    "streaming",
    "voip"
  ]
}