{
  "dataset": "ISCXVPN2016",
  "num_classes": 7,
  "test_accuracy": 0.26666666666666666,
  "test_f1": 0.2342515433015598,
  "confusion_matrix": [
    [
      11,
      1,
      1,
      12,
      0,
      5,
      0
    ],
    [
      0,
      2,
      2,
      24,
      0,
      2,
      0
    ],
    [
      1,
      0,
      13,
      13,
      0,
      3,
      0
    ],
    [
      0,
      0,
      5,
      19,
      0,
      6,
      0
    ],
    [
      0,
      0,
      2,
      22,
      0,
      6,
      0
    ],
    [
      1,
      0,
      8,
      10,
      0,
      11,
      0
    ],
    [
      0,
      1,
      0,
      28,
      0,
      1,
      0
    ]
  ],
  "class_names": [
    "browsing",
    "chat",
    "email",
    "ftp",
    "p2p",
    "streaming",
    "voip"
  ]
}