{
  "dataset": "ISCXVPN2016",
  "num_classes": 7,
  "test_accuracy": 0.5158959537572254,
  "test_f1": 0.49348099437717363,
  "confusion_matrix": [
    [
      72,
      25,
      2,
      27,
      8,
      15,
      21
    ],
    [
      7,
      342,
      2,
      9,
      1,
      8,
      31
    ],
    [
      1,
      25,
      13,
      6,
      2,
      2,
      11
    ],
    [
      19,
      13,
      9,
      121,
      2,
      22,
      9
    ],
    [
      11,
      21,
      13,
      9,
      11,
      17,
      10
    ],
    [
      11,
      6,
      13,
      17,
      7,
      11,
      2
    ],
    [
      1,
      226,
      3,
      17,
      6,
      3,
      144
    ]
  ],
  "class_names": [
    "browsing",
    "chat",
    "email",
    "ftp",
    "p2p",
    "streaming",
    "voip"
  ]
}