{
  "dataset": "ISCXVPN2016",
  "num_classes": 7,
  "test_accuracy": 0.7845783132530121,
  "test_f1": 0.7806416032633561,
  "confusion_matrix": [
    [
      160,
      16,
      3,
      30,
      29,
      6,
      11
    ],
    [
      11,
      543,
      4,
      30,
      7,
      2,
      3
    ],
    [
      6,
      12,
      45,
      19,
      4,
      1,
      3
    ],
    [
      13,
      10,
      4,
      209,
      36,
      9,
      11
    ],
    [
      2,
      5,
      0,
      3,
      127,
      0,
      1
    ],
    [
      14,
      9,
      4,
      33,
      14,
      19,
      7
    ],
    [
      9,
      6,
      1,
      48,
      10,
      1,
      525
    ]
  ],
  "class_names": [
    "browsing",
    "chat",
    "email",
    "ftp",
    "p2p",
    "streaming",
    "voip"
  ]
}