{
  "dataset": "ISCXVPN2016",
  "num_classes": 7,
  "test_accuracy": 0.7590361445783133,
  "test_f1": 0.7699724126619217,
  "confusion_matrix": [
    [
      168,
      4,
      3,
      32,
      10,
      30,
      8
    ],
    [
      18,
      415,
      68,
      82,
      1,
      8,
      8
    ],
    [
      5,
      6,
      56,
      16,
      5,
      2,
      0
    ],
    [
      11,
      4,
      6,
      245,
      12,
      9,
      5
    ],
    [
      3,
      5,
      0,
      12,
      112,
      3,
      3
    ],
    [
      14,
      1,
      7,
      18,
      5,
      50,
      5
    ],
    [
      4,
      3,
      4,
      43,
      5,
      12,
      529
    ]
  ],
  "class_names": [
    "browsing",
    "chat",
    "email",
    "ftp",
    "p2p",
    "streaming",
    "voip"
  ]
}