{
  "dataset": "ISCXVPN2016",
  "num_classes": 7,
  "test_accuracy": 0.8771084337349397,
  "test_f1": 0.8786265557444218,
  "confusion_matrix": [
    [
      204,
      4,
      0,
      12,
      5,
      24,
      6
    ],
    [
      11,
      550,
      5,
      15,
      1,
      6,
      12
    ],
    [
      1,
      4,
      74,
      5,
      3,
      2,
      1
    ],
    [
      9,
      6,
      1,
      242,
      8,
      14,
      12
    ],
    [
      4,
      0,
      0,
      1,
      131,
      1,
      1
    ],
    [
      19,
      8,
      2,
      3,
      0,
      64,
      4
    ],
    [
      8,
      8,
      1,
      19,
      3,
      6,
      555
    ]
  ],
  "class_names": [
    "browsing",
    "chat",
    "email",
    "ftp",
    "p2p",
    "streaming",
    "voip"
  ]
}